,Left-Cerebral-Exterior,Left-Cerebral-White-Matter,Left-Cerebral-Cortex,Left-Lateral-Ventricle,Left-Inf-Lat-Vent,Left-Cerebellum-Exterior,Left-Cerebellum-White-Matter,Left-Cerebellum-Cortex,Left-Thalamus,Left-Thalamus-Proper*,Left-Caudate,Left-Putamen,Left-Pallidum,3rd-Ventricle,4th-Ventricle,Brain-Stem,Left-Hippocampus,Left-Amygdala,Left-Insula,Left-Operculum,Line-1,Line-2,Line-3,CSF,Left-Lesion,Left-Accumbens-area,Left-Substancia-Nigra,Left-VentralDC,Left-undetermined,Left-vessel,Left-choroid-plexus,Left-F3orb,Left-lOg,Left-aOg,Left-mOg
,Left-Cerebral-Exterior,Left-Cerebral-White-Matter,Left-Cerebral-Cortex,Left-Lateral-Ventricle,Left-Inf-Lat-Vent,Left-Cerebellum-Exterior,Left-Cerebellum-White-Matter,Left-Cerebellum-Cortex,Left-Thalamus,Left-Thalamus-Proper*,Left-Caudate,Left-Putamen,Left-Pallidum,3rd-Ventricle,4th-Ventricle,Brain-Stem,Left-Hippocampus,Left-Amygdala,Left-Insula,Left-Operculum,Line-1,Line-2,Line-3,CSF,Left-Lesion,Left-Accumbens-area,Left-Substancia-Nigra,Left-VentralDC,Left-undetermined,Left-vessel,Left-choroid-plexus,Left-F3orb,Left-lOg,Left-aOg,Left-mOg
,Left-Cerebral-Exterior,Left-Cerebral-White-Matter,Left-Cerebral-Cortex,Left-Lateral-Ventricle,Left-Inf-Lat-Vent,Left-Cerebellum-Exterior,Left-Cerebellum-White-Matter,Left-Cerebellum-Cortex,Left-Thalamus,Left-Thalamus-Proper*,Left-Caudate,Left-Putamen,Left-Pallidum,3rd-Ventricle,4th-Ventricle,Brain-Stem,Left-Hippocampus,Left-Amygdala,Left-Insula,Left-Operculum,Line-1,Line-2,Line-3,CSF,Left-Lesion,Left-Accumbens-area,Left-Substancia-Nigra,Left-VentralDC,Left-undetermined,Left-vessel,Left-choroid-plexus,Left-F3orb,Left-lOg,Left-aOg,Left-mOg
,Left-Cerebral-Exterior,Left-Cerebral-White-Matter,Left-Cerebral-Cortex,Left-Lateral-Ventricle,Left-Inf-Lat-Vent,Left-Cerebellum-Exterior,Left-Cerebellum-White-Matter,Left-Cerebellum-Cortex,Left-Thalamus,Left-Thalamus-Proper*,Left-Caudate,Left-Putamen,Left-Pallidum,3rd-Ventricle,4th-Ventricle,Brain-Stem,Left-Hippocampus,Left-Amygdala,Left-Insula,Left-Operculum,Line-1,Line-2,Line-3,CSF,Left-Lesion,Left-Accumbens-area,Left-Substancia-Nigra,Left-VentralDC,Left-undetermined,Left-vessel,Left-choroid-plexus,Left-F3orb,Left-lOg,Left-aOg,Left-mOg
,Left-Cerebral-Exterior,Left-Cerebral-White-Matter,Left-Cerebral-Cortex,Left-Lateral-Ventricle,Left-Inf-Lat-Vent,Left-Cerebellum-Exterior,Left-Cerebellum-White-Matter,Left-Cerebellum-Cortex,Left-Thalamus,Left-Thalamus-Proper*,Left-Caudate,Left-Putamen,Left-Pallidum,3rd-Ventricle,4th-Ventricle,Brain-Stem,Left-Hippocampus,Left-Amygdala,Left-Insula,Left-Operculum,Line-1,Line-2,Line-3,CSF,Left-Lesion,Left-Accumbens-area,Left-Substancia-Nigra,Left-VentralDC,Left-undetermined,Left-vessel,Left-choroid-plexus,Left-F3orb,Left-lOg,Left-aOg,Left-mOg
,Left-Cerebral-Exterior,Left-Cerebral-White-Matter,Left-Cerebral-Cortex,Left-Lateral-Ventricle,Left-Inf-Lat-Vent,Left-Cerebellum-Exterior,Left-Cerebellum-White-Matter,Left-Cerebellum-Cortex,Left-Thalamus,Left-Thalamus-Proper*,Left-Caudate,Left-Putamen,Left-Pallidum,3rd-Ventricle,4th-Ventricle,Brain-Stem,Left-Hippocampus,Left-Amygdala,Left-Insula,Left-Operculum,Line-1,Line-2,Line-3,CSF,Left-Lesion,Left-Accumbens-area,Left-Substancia-Nigra,Left-VentralDC,Left-undetermined,Left-vessel,Left-choroid-plexus,Left-F3orb,Left-lOg,Left-aOg,Left-mOg
,Left-Cerebral-Exterior,Left-Cerebral-White-Matter,Left-Cerebral-Cortex,Left-Lateral-Ventricle,Left-Inf-Lat-Vent,Left-Cerebellum-Exterior,Left-Cerebellum-White-Matter,Left-Cerebellum-Cortex,Left-Thalamus,Left-Thalamus-Proper*,Left-Caudate,Left-Putamen,Left-Pallidum,3rd-Ventricle,4th-Ventricle,Brain-Stem,Left-Hippocampus,Left-Amygdala,Left-Insula,Left-Operculum,Line-1,Line-2,Line-3,CSF,Left-Lesion,Left-Accumbens-area,Left-Substancia-Nigra,Left-VentralDC,Left-undetermined,Left-vessel,Left-choroid-plexus,Left-F3orb,Left-lOg,Left-aOg,Left-mOg
,Left-Cerebral-Exterior,Left-Cerebral-White-Matter,Left-Cerebral-Cortex,Left-Lateral-Ventricle,Left-Inf-Lat-Vent,Left-Cerebellum-Exterior,Left-Cerebellum-White-Matter,Left-Cerebellum-Cortex,Left-Thalamus,Left-Thalamus-Proper*,Left-Caudate,Left-Putamen,Left-Pallidum,3rd-Ventricle,4th-Ventricle,Brain-Stem,Left-Hippocampus,Left-Amygdala,Left-Insula,Left-Operculum,Line-1,Line-2,Line-3,CSF,Left-Lesion,Left-Accumbens-area,Left-Substancia-Nigra,Left-VentralDC,Left-undetermined,Left-vessel,Left-choroid-plexus,Left-F3orb,Left-lOg,Left-aOg,Left-mOg
,Left-Cerebral-Exterior,Left-Cerebral-White-Matter,Left-Cerebral-Cortex,Left-Lateral-Ventricle,Left-Inf-Lat-Vent,Left-Cerebellum-Exterior,Left-Cerebellum-White-Matter,Left-Cerebellum-Cortex,Left-Thalamus,Left-Thalamus-Proper*,Left-Caudate,Left-Putamen,Left-Pallidum,3rd-Ventricle,4th-Ventricle,Brain-Stem,Left-Hippocampus,Left-Amygdala,Left-Insula,Left-Operculum,Line-1,Line-2,Line-3,CSF,Left-Lesion,Left-Accumbens-area,Left-Substancia-Nigra,Left-VentralDC,Left-undetermined,Left-vessel,Left-choroid-plexus,Left-F3orb,Left-lOg,Left-aOg,Left-mOg
,Unknown,Left-Cerebral-White-Matter,Left-Cerebral-Cortex,Left-Lateral-Ventricle,Left-Inf-Lat-Ventricle,Left-Cerebellum-White-Matter,Left-Cerebellum-Cortex,Left-Thalamus,Left-Caudate,Left-Putamen,Left-Pallidum,3rd-Ventricle,4th-Ventricle,Brain-Stem,Left-Hippocampus,Left-Amygdala,Left-Accumbens,Left-Ventral-DC,Left-Vessel,Left-Choroid-Plexus,Right-Cerebral-White-Matter,Right-Cerebral-Cortex,Right-Lateral-Ventricle,Right-Inf-Lat-Ventricle,Right-Cerebellum-White-Matter,Right-Cerebellum-Cortex,Right-Thalamus,Right-Caudate,Right-Putamen,Right-Pallidum,Right-Hippocampus,Right-Amygdala,Right-Accumbens,Right-Ventral-DC,Right-Vessel
p_0,0.9794147685604508,0.8150047283665195,0.6761759963348636,0.9030660375837153,0.41324920809740373,0.8350222219748081,0.8763469473657799,0.905062550622552,0.8110003432031624,0.8365352201978192,0.8267139986094654,0.7925093613170802,0.7966971640332579,0.9260458929854332,0.7837108946568583,0.8050478659594259,0.7892004112710259,0.8555307134509414,0.20979019511956676,0.43140964859221176,0.8158193874185907,0.6690355146805654,0.9042486394404478,0.3901192471029025,0.8518112630588093,0.8843744363863876,0.9037367273398623,0.7761075420329068,0.8376309721054983,0.8182867679097512,0.798324460425583,0.8566045617404133,0.7026443567045636,0.8376586890937437,0.10958902608369506,0.5132275119931998
p_0,0.9770608638126128,0.8071244561834493,0.658081875172515,0.9081212756664183,0.1337648313509727,0.8479766676242627,0.8875069881458827,0.9231632075585176,0.8738512939913834,0.8549406285293101,0.8509359813937232,0.7697247671113542,0.8007708966495523,0.9301830919359838,0.7214908207662796,0.7773677717653928,0.8402432236581359,0.8480627750386829,0.5536331988362215,0.42496426667477716,0.8096036519824333,0.6584585212539458,0.8969586923524895,0.20799999762285717,0.8447917936119209,0.8788198263599484,0.92257690021905,0.8700875576561927,0.8499555671269701,0.7862508518409952,0.7517768774163052,0.763751315566383,0.7750826859146489,0.8384412412843097,0.12121210284665108,0.4467826772691919
p_0,0.9815943064432745,0.8243552440360525,0.7152369423658762,0.8358595188934939,0.32704401830096397,0.8415059144844877,0.892921478481454,0.9308750968938587,0.8340545209497463,0.9022701265115493,0.9000783681424798,0.8391768260702102,0.815088755386862,0.9402340458163412,0.8831677199012589,0.8785009049395509,0.8660531653064767,0.8844938129824855,0.45192305519600695,0.4134705293407808,0.8335011072936425,0.7176200154661265,0.8071889280435914,0.39338842324977813,0.8610530605889563,0.9005894637162172,0.9012626124458436,0.8475457561901563,0.905433552993255,0.8799355340855449,0.8544786656862965,0.8361739115892628,0.8055096374352086,0.8693187178783722,0.06976743374797281,0.3609879647815835
p_0,0.9767369950460826,0.7930736854744851,0.6835572486196104,0.8658669571068421,0.3081009255232281,0.8408694445961873,0.890011188600552,0.9179514819849318,0.8948244146643101,0.8969964764453356,0.8884501463209277,0.8141930529790421,0.8034235218064281,0.92405635746668,0.8269292340482475,0.8238623975095528,0.8287345345921286,0.8700250478986686,0.44604313337819185,0.4118024348184578,0.79415730171859,0.6729104409500952,0.8371434149877182,0.48747912374826174,0.8233900310785619,0.8952449777244075,0.9024714613196989,0.8823379916286845,0.9034236069855496,0.8764311076264685,0.8386285515645666,0.8749227264065058,0.7888823134897557,0.8689036277127354,0.38461534763313965,0.45454545229967663
p_0,0.9774188184731875,0.7997495114249462,0.6859937332446517,0.8597141917422744,0.45422115987846423,0.8599651051241537,0.8936751945363338,0.9241632076083851,0.833597463461598,0.8880836802570017,0.8923076903181546,0.8242950072698697,0.7822878210740595,0.9367715206893744,0.8509757062118871,0.8548526844565584,0.844709112026069,0.8739573671233019,0.3399999660000034,0.46310737574620653,0.8023115313750114,0.6879322555706247,0.8604624537199734,0.3214285673287173,0.854187138100724,0.893172452241578,0.9235839565838544,0.8567351590023448,0.8902941979032897,0.8867790152224567,0.8482937078697286,0.8627893829045937,0.8311965767564286,0.8842911868924415,0.3703703017832774,0.5625278123608018
p_0,0.9818654792272042,0.8463196671838134,0.7571443610491759,0.9166019774826684,0.5628742430707449,0.8565488562569276,0.9024898694631837,0.9284234202069602,0.9036191965936082,0.9002930448857887,0.8683531211451907,0.8517964039977679,0.8419922695534731,0.929407494571861,0.869704386302293,0.8515344184364544,0.833418233146112,0.8873287273385475,0.32727266776860586,0.48501872432107335,0.8365662005969572,0.745995794765474,0.909640947010041,0.24372759419843024,0.8752493584798913,0.9163529011724681,0.9306246204180566,0.8831801979343895,0.9023883690087611,0.904613787183479,0.8390243894859761,0.8690766954834472,0.837262789894981,0.8879561607928691,0.2941176038062347,0.4550264535217379
p_0,0.9805352534516759,0.8257910641420504,0.6903514304681595,0.931332205938839,0.3549222774940267,0.8660540957467148,0.8758658007980932,0.9064192843266392,0.8229508187084885,0.8859014125423118,0.8716904251623787,0.8809082463370986,0.8544435534756709,0.9380818442859243,0.7995622826923562,0.8285864957052044,0.8295605803624462,0.8551113173387209,0.4271844245452015,0.4832294435048102,0.8224190967186311,0.6853084759167105,0.9371963577527755,0.3121063659054838,0.8594002976298813,0.8880465822877243,0.9184445038357788,0.8304780150587301,0.8756467431974605,0.8918760932440791,0.7701797666811951,0.7770853289139854,0.805904053092959,0.8587457912246031,0.5593219864981367,0.5245692394712418
p_0,0.9798822926337595,0.831818348675946,0.6977861136795074,0.9144284019225827,0.18628454261735372,0.8677405537873504,0.8789504975809441,0.9216386799323337,0.8246847710660952,0.8769147864853246,0.8688565056338441,0.8529759524912259,0.7878639569663225,0.9430863755015715,0.7952114603128139,0.8511722710214773,0.848156177613036,0.8627536538700048,0.5299144846226936,0.5146036137477811,0.8304168419070008,0.6944093662628935,0.8863916403536933,0.15704824827768923,0.8594859483083356,0.8864476699093623,0.925389221002761,0.7842633057543542,0.8843039544656618,0.9051094867729436,0.779340984099092,0.8130861487173694,0.8307155274536618,0.8903617154680278,0.5045044590536524,0.4861166982450032
p_0,0.9808553857341752,0.8401680781948091,0.7275556671933553,0.915313098825991,0.2217898789535043,0.865922121098327,0.8898013006196391,0.9128252999691765,0.9037520381688395,0.9027243001069929,0.887882217694491,0.8834702236050559,0.8424024619034844,0.9445415208552709,0.8563749362872712,0.8775696645098912,0.8699406321104122,0.8839186308228736,0.676923024852075,0.6186186155224294,0.8341648081704275,0.714458887801994,0.9181991575491419,0.25103447929607614,0.8804788099629771,0.9006619553850478,0.9195178370147827,0.8869695021465457,0.9104304516608019,0.9168937308880706,0.8541730821880404,0.8368652522253794,0.8279702919061245,0.8800566334141823,0.3589742669296751,0.5951954084073309
p_0,0.9786644094548862,0.798538484462805,0.643602699511061,0.9073583465001236,0.3799795671095039,0.8605860442482658,0.8690510823248865,0.8839480780851124,0.7996725999594101,0.8375247237095934,0.8514412389881494,0.8847209494859997,0.8344622031035973,0.9339278286434579,0.7647654395716442,0.8598130816010131,0.8234552280992735,0.8224884279574075,0.6016259673474823,0.5021622983918537,0.8027416187751448,0.6471227779460641,0.9184593583264092,0.35443037413875994,0.8584514718798795,0.8756730297815124,0.8990983817958775,0.7579052361517155,0.8445256870843509,0.8483072889052496,0.7987462161708321,0.8621300256460156,0.749476617240219,0.855410320906333,0.33333314814825105,0.5705244110069521
p_0,0.9825412643594774,0.8549638022793746,0.7030845256673989,0.9344039930187173,0.6281453838390243,0.8196378266319365,0.8516854123481776,0.9166487178428827,0.8821078932700397,0.8784770777945011,0.8928074225224887,0.8926192355645637,0.8233652296184905,0.9416936398955267,0.8012176551991703,0.8007880893152626,0.8486932541355348,0.8511897412758109,0.3908045527810859,0.5665835383212792,0.866968538436829,0.7158706822836525,0.9306129574100317,0.44268292412998217,0.8465134394832438,0.8856067763285422,0.9173426873365909,0.8793154901210671,0.87098935392616,0.8801875712070631,0.7803662153385427,0.803906041689348,0.8501362339908975,0.884449665903578,0.1558441356046577,0.5966887397460637
p_0,0.9818378044179934,0.8571624187552298,0.7271786188174553,0.9170326816818147,0.563186809318772,0.8595601726773585,0.865961632983607,0.9183259801369227,0.8734215568507713,0.898344099726484,0.8878048760802553,0.8893974042985064,0.8382467012446728,0.9343644147047645,0.8184454748468238,0.874364189027558,0.8169170794829322,0.8878680299771685,0.4098360319806531,0.5560391699889055,0.8597714752493308,0.725103356017352,0.9230008567067701,0.557267243420849,0.8600691412684343,0.8557905873490028,0.9204456483466151,0.8848182062310869,0.8677443050200262,0.8963346055850357,0.8319169019528642,0.8641975288884374,0.8379022596072571,0.8792862508015842,0.44274805780549176,0.5659683918928027
p_0,0.9746559942729622,0.7946072482800884,0.6591337338668065,0.8467727072119556,0.43757431108710687,0.8619537705881715,0.874877422107376,0.9263763248509098,0.830545990124759,0.8652727150935017,0.8925022563403292,0.8353253624325186,0.8355877829652939,0.9360625868747052,0.8185840700090573,0.8701393962579129,0.7928496277978463,0.8780582140237325,0.33663364670130463,0.5305810356989218,0.7979777677439114,0.6531049458950784,0.8406127532307711,0.39950061923220204,0.8664403522043547,0.8647458919314158,0.9221785093913336,0.7978661709406631,0.879424347932436,0.8978341699894243,0.829064189377422,0.8659469166307987,0.8699234792823809,0.8788321158719165,0.45070419361238073,0.5905963268887825
p_0,0.9792896010801413,0.8159401764369351,0.698830152302478,0.894492886439997,0.4450402105000875,0.8471286232073232,0.8744681783649526,0.9069389957345199,0.7102675052023333,0.8631804602532881,0.8678947345581717,0.8496637827817873,0.7406143323645781,0.9450119957926995,0.7915547017355521,0.840090655149608,0.7428867007610621,0.8667189767215346,0.6037735564257757,0.44435181140328545,0.8168459447371069,0.6982793825260292,0.8813920452458825,0.4038570595356945,0.8600066597202775,0.8912792095728249,0.8957006363483939,0.6750678212347354,0.8610264429845733,0.891332137838578,0.7803216643516352,0.8303413379763809,0.749687104194699,0.858755732260666,0.5272726793388474,0.44218094534996716
p_0,0.9772590727032096,0.8267044457518968,0.6647784786523553,0.9426059534639327,0.5712342721141302,0.780166079766201,0.819506318062011,0.9168953345636383,0.87568614694254,0.8843477617488115,0.8598772985033686,0.8908598154943094,0.7518164421571387,0.9296047948665175,0.7416539376591164,0.8050664170371751,0.80578252164813,0.8671253484550362,0.6060605693296625,0.5512437792661897,0.8238550861414825,0.6637889060468809,0.9378214313848281,0.6702208656884201,0.8038589669614593,0.7812115420767276,0.9227573666605495,0.8816452433093622,0.8734109759660418,0.8822227664563,0.8137407976647995,0.8377153193178745,0.8513708452282046,0.8855652163645621,0.5154638643851686,0.5869445952085995
p_0,0.9803426579469378,0.8304127621267476,0.689332150688109,0.9404628540478616,0.7092256972437162,0.8528581377725742,0.8662069716582443,0.9052456970728829,0.865313810373051,0.8600663079569759,0.8070562275478363,0.8946171319317231,0.758404018980823,0.9451649000625008,0.7900515339569218,0.8452488662285101,0.8482632489441606,0.8749696517662423,0.5882352249135029,0.5209160289437679,0.8322521615109579,0.6992777209333414,0.9413553488481327,0.5284450029807523,0.8502105904279453,0.8800829989000722,0.8763518627289717,0.8751383245341772,0.8653766489938004,0.7898666645603555,0.8205999991794001,0.8264070272467181,0.8160112302246403,0.8820097620168952,0.2499999609375061,0.46798815113240344
p_0,0.9746741817135733,0.8087569117347786,0.6905131911985818,0.7263407440723132,0.4082721787306726,0.8382203410815849,0.877759148784288,0.8118487444709033,0.7406051723516287,0.8554777104250246,0.8391123420270173,0.7787201203595986,0.7759446493455437,0.9194193451119428,0.7852065314263146,0.8223753954868096,0.8165793195970493,0.8732452086553487,0.5591397248236855,0.26474622589337293,0.7969002224888949,0.6776359638083074,0.7734093471879689,0.3219954612018655,0.8426337128395901,0.8918575302098807,0.8418849490442792,0.7458296743351299,0.8539082866794452,0.7878506821519808,0.8030206525311431,0.8412231011523826,0.8199892486835613,0.8835424651212875,0.0,0.3381259279220331
p_0,0.9794078413975045,0.8025089999053162,0.7047822114767293,0.8556328230257767,0.4205882291089966,0.8569561968463925,0.9081968280256492,0.90968818950418,0.8753783612597265,0.9089182853921651,0.9002752468764023,0.7787748701569455,0.7715773795171552,0.917967084310146,0.8381434896967851,0.7685054201591103,0.8263183317546282,0.8714243865357567,0.5234898977523559,0.48527807805191886,0.8017725691118519,0.6982490629108565,0.8733661274896387,0.40476189873866225,0.8525251229429287,0.9005164410733794,0.9286699393563911,0.8952939253417246,0.9101095298312291,0.9005440676810793,0.8729687219352013,0.8378615231422841,0.7824675282334008,0.8803846915644313,0.12244895460225415,0.5393165889694664
p_0,0.9787691956959184,0.7999932775721634,0.6849133517277011,0.9026008209951912,0.3214285650510206,0.8572133774968489,0.8953063561646408,0.9293440236079513,0.8633422146332869,0.8879438363116351,0.8285714266309803,0.8167632598450144,0.8590704631576641,0.9426655026088423,0.7758550480701801,0.8365410657724557,0.8337326265753108,0.8834394230580827,0.32911388239064776,0.5101058685750439,0.8079134637365633,0.6908430256023677,0.8968972200642787,0.28785046190933716,0.7909123408876678,0.8776040065693477,0.9286462058908777,0.8842546208139016,0.8882261228982403,0.8323647723907807,0.8347562124504305,0.8643815179722267,0.8382608647057341,0.879396450027206,0.4727271867768751,0.5404450705035497
p_0,0.979292442735318,0.8173968055290814,0.705655327526174,0.9141685458625514,0.1572580613456036,0.8378526034914303,0.9032683418673799,0.932792933922453,0.897354060643103,0.8953748216324408,0.815991796986182,0.7907368387758448,0.8500590304434829,0.9380487803118107,0.8058407905738665,0.8235557527461806,0.8627280588065679,0.8897878629602488,0.22222217283951712,0.5912930435913383,0.8227926973492431,0.7163341926380842,0.8846111167843054,0.27474746919702087,0.8333382088074954,0.899221597600757,0.9374922633138432,0.8878468142947961,0.8835871619820987,0.8066650311034916,0.8672998635302579,0.8550247099361106,0.8510843332477863,0.8828473582205589,0.5915492124578574,0.5659637049241604
p_0,0.9767733648349117,0.8273376465036274,0.6786060103085775,0.9205769333603159,0.22283356105341431,0.8496558852144962,0.8712987304986631,0.8790591534263301,0.8312313302097317,0.8574352508404036,0.8400761522130507,0.8169014061946936,0.7527617023862133,0.9314169003165899,0.779256697684307,0.7265515615339442,0.8218451706158793,0.8375141233474417,0.1484098887487672,0.458531934083575,0.8324702486449351,0.6871371371248546,0.8990745462883923,0.18336886928440344,0.8555947416301396,0.8667639667724859,0.8676813545675209,0.7419093249230304,0.8392169703995275,0.8490438676062005,0.6770067151606918,0.6983898084633747,0.7468060351521136,0.8404983714889456,0.46376809353777326,0.40731399683588587
p_0,0.9801746750880118,0.8346532966760185,0.6847087080503409,0.9407925407194411,0.638545452223471,0.8530555901452329,0.8584480468819048,0.902213893467823,0.8643434963033152,0.871359908706663,0.8746892071738209,0.8724171845319496,0.7945205453538142,0.9407070029791268,0.7896820898408394,0.8541957043373412,0.835164829428813,0.8773835374397978,0.6610169351479463,0.44110602995622467,0.8433884331279738,0.6935604255857242,0.9541137519440516,0.7236719461237839,0.8648493906088459,0.8711951412704074,0.9010229067129931,0.8783394976589196,0.866263846056129,0.85849999785375,0.7858333322418982,0.841358022094574,0.8233276087193173,0.8673970521755484,0.5520833045789946,0.5256696418793347
p_0,0.9719961094409105,0.7860119299882959,0.6497189414411401,0.8330383002763766,0.2204387361132224,0.787159670080762,0.7915882264461686,0.8624177763183806,0.8154486027148561,0.8525759571647451,0.8626895836952688,0.7900612142957824,0.7922449861373762,0.8945913934278342,0.7092238463543084,0.8192299307826193,0.8198883773724588,0.8516960522225937,0.35882351885813185,0.3478260852573225,0.7810926637805659,0.63529192708276,0.8220936535788765,0.25930572873565144,0.7837820510308391,0.8040178833457838,0.8434316664644458,0.7627641339088931,0.852271963989347,0.8664430837118898,0.6628057906512174,0.7616569057435331,0.7927927883288695,0.8458124268180119,0.23021581077584094,0.3620493344893763
p_0,0.978689055539437,0.7986952383785706,0.6917865394307419,0.8965583078444994,0.41365461016757815,0.8222729897822044,0.8815216206784718,0.9321889322250833,0.8690575469211753,0.898680703906752,0.8870665396273043,0.7758031415727848,0.8304254051550178,0.9355605204568641,0.8523628830179693,0.8860405479234665,0.8685258914711105,0.8812736618956668,0.46774189776275016,0.6394052010652936,0.800972709668797,0.6895688283279324,0.8589313365649643,0.3109118040222451,0.8433570627489956,0.8991333538246065,0.9270672825233347,0.8576671626818819,0.9002709322021217,0.8688790882597376,0.8434844185167454,0.8723918276468443,0.8233957931664067,0.8783703986632844,0.2857141836735058,0.5265033384120118
p_0,0.9784585942368514,0.8040268237221465,0.7037166657006617,0.814589665001928,0.26415093785847094,0.8437649019898172,0.9026617322941601,0.9032557594432965,0.8712039360566511,0.9133983913868543,0.9015614371994537,0.8036853267055799,0.8362559762326214,0.9349485898534157,0.8429343338740413,0.8541072794659049,0.8472425532101387,0.8783729350801722,0.49275358748162407,0.4956217119472705,0.8162450565241872,0.7128305617763662,0.8043357413337635,0.2535211208093634,0.8504931211600939,0.9003814322941629,0.906368392022149,0.884343035984778,0.9096730491289495,0.8887454252447915,0.8555146406667415,0.8519015640897057,0.8334198192349775,0.8837256899859512,0.14492751522789635,0.6032786845686644
p_0,0.9802156359742535,0.8212259720128909,0.7162158447075189,0.8518416254757739,0.21612349543527454,0.8364968127490592,0.893381058495674,0.8588841482304371,0.8117139439899808,0.911121092914637,0.880187272014924,0.7908992387472038,0.8002944043172364,0.9380942493381577,0.7951166675247449,0.7488396061143898,0.8279518032387864,0.8478104061331165,0.5316455359718015,0.3586654292925605,0.818966230475131,0.7125433038098885,0.7972802021513978,0.20689654815695607,0.8568907189083356,0.8944155377102546,0.8721371969650835,0.7816889483993155,0.9019714844791791,0.8959679195901806,0.8245971468562724,0.8494031201804336,0.7826086914513758,0.8838918909363331,0.4715446771101888,0.41325024462692606
p_0,0.975505956431625,0.7959889453653209,0.6705121303995931,0.8987802942742039,0.45414846764935834,0.8614387717085217,0.8580722453542878,0.8973714840405788,0.8647990246209734,0.8904795985035937,0.8697264699357291,0.8547996256201312,0.813196047881496,0.9301201882146093,0.8007753237815816,0.8097112843182168,0.808700497441715,0.8454713845710525,0.37623758651113004,0.5105633772854262,0.8072811401893727,0.6754614538854521,0.8797352292679748,0.27411167234404393,0.8492198806983369,0.8708767219537085,0.9016569010888572,0.8753056224991047,0.8843861733578768,0.8764960507346675,0.7976563782821783,0.8006892575135186,0.8220937647906631,0.8643150823800962,0.49206345301083704,0.4504748961986662
p_0,0.9781967812177124,0.8189873088663556,0.6971761250721328,0.8623973331374852,0.16873448922165646,0.8660875856960768,0.8900922385655602,0.9243222681999662,0.8646535709326165,0.8832731642711104,0.8800675657093169,0.8080495324765884,0.8107856798221205,0.9191862953063841,0.8016363629076033,0.7162097144872301,0.7604967429893746,0.8451296417608073,0.46835440073706325,0.5572625659409038,0.824445690767911,0.6973227670372023,0.8734185422218786,0.2860310389575273,0.8700585000088463,0.9023577235161004,0.9360675507288945,0.846969548743098,0.877807847849927,0.8871508360063669,0.8040080889832616,0.7149194473151542,0.797136033429976,0.8635416657671441,0.283464544609091,0.6042267021891128
p_0,0.9806179819012649,0.8127409336431186,0.6823395863411637,0.9046848540160517,0.1770203398734451,0.8661092254605502,0.8874303182155409,0.8924297037545569,0.7387927199969011,0.8754098352213985,0.8904366437438075,0.8387487369550984,0.8344406036820605,0.9465340437219281,0.6961684957470664,0.7411558643041826,0.78835226712818,0.8589962434744552,0.5961537888313665,0.4405833061105079,0.8163565051009847,0.691039113734349,0.9025165199698804,0.5115468387296433,0.8781867681912991,0.8945475545905592,0.8879872475815191,0.7142294816825138,0.8555534944784411,0.8631239912422866,0.758019969451859,0.7417102945267298,0.7334818059875144,0.8643592132081862,0.48742137598394064,0.42372113982860765
p_0,0.9808147292512915,0.8387005484687439,0.7090905344585052,0.9088512012618052,0.37850746042682115,0.8764846425165398,0.8650964649272849,0.9227269767188361,0.8524626689854439,0.8860195897254233,0.8736606008630435,0.8742177694799194,0.8421306318579643,0.9398300594238997,0.7526198785300944,0.8142414839673852,0.8268348576442955,0.8937078641643732,0.5230768828402398,0.48229904005706353,0.8414060654748926,0.7101507794232117,0.9285574218514157,0.39749825992009546,0.879591340000837,0.8932549582701184,0.9278757561674943,0.8760141451258434,0.8645616277732316,0.9085016182784801,0.7991095083227928,0.7741774656675536,0.8169727624004258,0.8879201549983708,0.25380709371537596,0.4612272405218232
p_0,0.9789222638719297,0.815234944713299,0.670792228173996,0.9373330592591261,0.4256410201840895,0.8328337418376377,0.8648819219239694,0.900099041993992,0.8155889814264613,0.8703880537630106,0.8739583310574002,0.8653225789005594,0.824175822117443,0.9397265862191947,0.8364867547933811,0.8710601691465769,0.7790217985915039,0.8748944373568652,0.4822694693425908,0.4918460518856945,0.820201418254371,0.6688130389227691,0.9320196701530649,0.4794635332819486,0.8424908422270778,0.8740777640558557,0.9116622537887263,0.8506154595267204,0.8746436277540875,0.9102263832676909,0.8399029706489762,0.7760555831746243,0.7944038881118985,0.8927247441001799,0.2962962743484241,0.5095986023571885
p_0,0.9797567033602154,0.8305642285550878,0.6958443615470455,0.8307764370354981,0.29342722660296683,0.8518578506424381,0.8834747199793456,0.8980605481917807,0.8440543455043232,0.8975659222706709,0.8364661634481528,0.7885509810785295,0.8180693052432564,0.9376479871912433,0.7818030197518734,0.8110359166813224,0.7954206033080109,0.8746345345312,0.5743589449046694,0.4714285680612245,0.8363451349642287,0.6961250411335396,0.8599788553623994,0.5889679662903206,0.8504361208150217,0.8948950977317734,0.9054876206821952,0.8436571418929633,0.8790717779770311,0.8664432722200975,0.8328868352583032,0.8047520640373138,0.7254237247151202,0.8844476736151456,0.44776117175317554,0.5338645391739814
p_0,0.9801129486196687,0.8139645798082032,0.7038381824437328,0.8655877857309388,0.43382352143706765,0.8580770406804683,0.8936809188447258,0.9316800681777178,0.8791589352143984,0.8838293566836356,0.8790858334332027,0.8551260475457947,0.8024439902190551,0.9113203597172378,0.8587550372962337,0.8177863682508788,0.8680229480019669,0.8638116068940173,0.6043955711870566,0.5497564331958494,0.8130483633927815,0.6990314816240235,0.8181677731977693,0.6859903326409796,0.847171580078768,0.896640552717967,0.9227786746864112,0.845285765264791,0.8934212537237991,0.9080694563123864,0.873981625174223,0.8591983538351524,0.8468691825984552,0.8612741891049422,0.5342465387502371,0.5955176062138868
p_0,0.9817869169316208,0.8340471148192592,0.7379721718196796,0.8582223355159949,0.42152465737631306,0.8565273116647502,0.8886812768488186,0.9340287107188404,0.8836695765495638,0.8915662644858152,0.8789838316882591,0.8396057310053506,0.8256285460242537,0.9274425876764666,0.864531137379625,0.8520395827853257,0.8709511523344414,0.8687887374001589,0.48076918454142453,0.544881885473371,0.8427192541486698,0.7436908997742053,0.8488514247160084,0.5763688719281782,0.8657635801287132,0.8971938360991732,0.9275900895677984,0.8929384957695321,0.8844658268737456,0.8664524991591269,0.8640659899776028,0.8931105495694426,0.8685897389498412,0.8888646516644513,0.5935483488033323,0.5249868462651929
p_0,0.9796890206281587,0.8128272080393176,0.7074858910761932,0.8571881435817134,0.44649933359974464,0.8489160789836029,0.8828735955476282,0.8905478093695534,0.8704879195921479,0.9059336068565174,0.8958243631170376,0.7869980849445579,0.8409305828618677,0.9344427412011291,0.7951677845233398,0.8145620004219295,0.8216560472172154,0.8802762846505408,0.27777775205761557,0.36363636204704386,0.8081493805920799,0.6985850978066196,0.8535636791855064,0.21201413177839656,0.8684079516549706,0.8987939762585216,0.8849567094778373,0.8666242377792306,0.8869029270342663,0.9098360636112252,0.7839431077159698,0.7793184470521306,0.7960965547195863,0.8675647659403474,0.40845067546122005,0.400458538783116
p_0,0.9811750762973513,0.8374313004321566,0.7018586751405207,0.915935596832507,0.4629120847327467,0.8519500638047999,0.88141138525204,0.9278688519157676,0.8636740095546844,0.8562530272985999,0.8588932789349936,0.8502993985178083,0.7262820489542241,0.9388049797176745,0.8238907291490417,0.8313603709851342,0.7827026984718773,0.8752154071209169,0.5227272430268611,0.49674418450621954,0.8281223786198064,0.6997665352582576,0.9070661388052385,0.2668947795817384,0.8603079578917184,0.8931627400271832,0.9240461605487246,0.862670581393444,0.8698858392754124,0.8767292982103463,0.809157860383319,0.8367898993024528,0.779237018266185,0.8799665402760701,0.4173912680529332,0.5716506852250565
p_0,0.978764471499729,0.8226667073051144,0.6883092987691264,0.8455441297956597,0.42522230860774207,0.7955670830266532,0.8773835452204467,0.927418090125193,0.8748888879167902,0.8706907432310325,0.8905045144514111,0.8616863873458342,0.7995951396771378,0.9266756793570022,0.8211835719187931,0.8218350735845875,0.8126338286261573,0.8757349268801844,0.39215683711393223,0.45017181872753825,0.8181345599906853,0.6891998019023409,0.8504806196276089,0.5125391809362133,0.8051125014498435,0.888870003619666,0.9286584685229542,0.8403963727172714,0.8736119769971229,0.8953412764998022,0.8319808181187931,0.8265263140494183,0.8342374874367843,0.8710808571874167,0.31249996744792,0.578335655144883
p_0,0.9778503820334876,0.765318929012753,0.66715359237345,0.858036022453602,0.31578947108725763,0.8208691002301783,0.8944592794687292,0.8635527325873626,0.8155074586935203,0.9081055600784593,0.9158316610324858,0.8341096351339675,0.8264553134013246,0.9181593124318821,0.7892429106603889,0.8735802447565919,0.8564705831972319,0.8798071393872035,0.6153845562130235,0.3518639622241204,0.7740412387521253,0.6693986599448638,0.8328842069179968,0.28644500912474413,0.8000818634921438,0.8785914981662142,0.8820487858859731,0.7865411018378055,0.9061250592466615,0.9070227475098349,0.793861467447261,0.8585882899094477,0.8474801004809012,0.8722143185488214,0.4262294383230429,0.3310633831035532
p_0,0.977483098593623,0.8030657671141788,0.693671933203664,0.8842269896010925,0.12942191432767977,0.8561691424226023,0.8953480555861908,0.9118208104659278,0.8714676380224845,0.890012844500632,0.8982311029215918,0.8189593698540293,0.8180007948665855,0.9380384224594461,0.7841867591512425,0.8405672521689573,0.8388140116505983,0.8706536847430687,0.6760562904185711,0.5041072178810755,0.7981953004769581,0.6867817325951747,0.8728427655176051,0.21731748357695274,0.8219484121515306,0.8857272367715768,0.9164196045439856,0.8364983779104929,0.8770328568892858,0.8879904854031142,0.8055256541034036,0.8645083915577371,0.8470889261222717,0.8716013751286191,0.2315789229916923,0.44814814648834017
p_0,0.9777618847215227,0.8182332739264723,0.6964570164238866,0.8578514391133248,0.2959999960533334,0.873365387292633,0.8898630768478227,0.9107501760493508,0.8502692165766191,0.8901073256590601,0.8596149667756544,0.8473788956623128,0.8522016425215239,0.9069996841644965,0.81176932066554,0.8773919185509287,0.8164228371098496,0.8837373284409543,0.39436616941083313,0.5469199738231435,0.8107731759129717,0.6844692526766509,0.8643656379939816,0.2552301201834703,0.8703870926282622,0.8902774644040697,0.92997726843157,0.8448351639067746,0.8692766265937701,0.8408180458764115,0.812640303218235,0.8384719782073454,0.7745208524547866,0.8801049073809434,0.058823525086505506,0.6204153750754954
p_0,0.9794182362388928,0.8104268439627732,0.7037766522243896,0.883847197554854,0.40510366180057955,0.7921919959677853,0.871699754919611,0.9272549731922037,0.8656661100003094,0.9002289820737789,0.8767372957923507,0.8462033434806842,0.8264896560257956,0.9197742987315399,0.8554794513223635,0.8694274703113205,0.8240426523313491,0.8828886736495354,0.3731343005123656,0.598718691911947,0.8080670281669933,0.7023369746683545,0.8947043571185844,0.34210525190443253,0.8250286522881,0.8754056921049646,0.9307682565936158,0.8628701586670887,0.8948811694340029,0.9080508455337907,0.8779861281976316,0.8547157463412858,0.795444187720072,0.8712005238670452,0.19607841214917526,0.6416184944606999
p_0,0.9771699156669504,0.7971434574048115,0.6520161217975456,0.912644836169869,0.09573908418864238,0.8502000957739074,0.841019795645385,0.8743848419818007,0.8054675772583201,0.8576763230394048,0.8576246666884494,0.884866037820614,0.8249080863398253,0.9147019593896168,0.6037439962719358,0.5652806031832491,0.6904500510952247,0.8440748431974274,0.32167829918333574,0.3949255366935313,0.7888267706875914,0.6422230669349496,0.9163267280284958,0.055694394660141394,0.8208414967552746,0.8152620529295693,0.8942842685291577,0.8095045001950333,0.8262660523223492,0.8005458248793591,0.5655922033680733,0.6009081720461449,0.6195207444797152,0.8382735300693983,0.16393441279226123,0.43949044503654844
p_0,0.979326453656632,0.8252849991709147,0.6901616652182061,0.9300570098896597,0.24832713570017,0.8485806132924915,0.8723435643117653,0.9184225346938465,0.8761027240971352,0.8500897105425418,0.7630131173021305,0.8841481455284499,0.8339522524298348,0.9387839487005386,0.7541375864864033,0.7304090667067297,0.8131991005973205,0.8656888113645012,0.33898302212008286,0.4805194781192833,0.8297074517477142,0.6857908009264869,0.9214093934431339,0.24738461386224853,0.8468963172331805,0.8672531261497949,0.9100751210174133,0.8721169880536687,0.7977558834169706,0.8176621312484484,0.7320316614965365,0.7671040281932896,0.773560204361517,0.8795130999798709,0.36036032789546596,0.5248130505614784
p_0,0.9791924383564998,0.8248962719891719,0.6922606080261727,0.9478049729812655,0.6356589076892701,0.825902954824552,0.8466193770685262,0.9171284022421534,0.8574863378606707,0.880263580134793,0.8172920043031756,0.9001706465440047,0.7921498651814071,0.9276909891838175,0.8627017834641446,0.8395939064984925,0.8462441264891777,0.887779465066443,0.3541666297743094,0.666222959513401,0.8265597656719172,0.6952828457508323,0.935295133047767,0.49476439142978546,0.840843829840023,0.8688682423603661,0.9163820361060202,0.817422944330669,0.8636017264722702,0.851251028729032,0.8794760560691707,0.8645364516999631,0.8109484353217795,0.883280756136973,0.5576922540680525,0.604673116344883
p_0,0.978323486506338,0.8057779921798925,0.6834892722622815,0.8839571182603173,0.345991556315168,0.8248677078409115,0.8458816510296173,0.9018504096641413,0.8024028619601191,0.8579743055873559,0.8548946983223914,0.8180574518100434,0.8098918072082454,0.9362373612561147,0.8493072137130366,0.8302261972900169,0.7554585111601609,0.866169543891121,0.6019416891318748,0.6026252947337393,0.8097071543344684,0.6874475038054428,0.9050313038752994,0.4899497425885711,0.8579467379251631,0.8755523456052658,0.9139222965090849,0.8159445397851595,0.8764549145446257,0.8842201395656083,0.8088690929426132,0.8366706855568862,0.7476851808583034,0.8914077513496531,0.12903223725286495,0.5911129205417328
p_0,0.9777526574278738,0.816158114368849,0.7022036964105041,0.8960667457703351,0.31367628213706045,0.8500878732132138,0.8733694446005904,0.9207021449313446,0.8654235905295667,0.8594629240975404,0.8113446421591678,0.8415388731731533,0.7799570935029773,0.92429752048142,0.82288872565806,0.7932011314159924,0.7416934579759193,0.8322216512752985,0.20118342004831832,0.5781948142171813,0.8160314285452985,0.7002207617438241,0.8747552070167549,0.36578946887119124,0.8534788070223126,0.8864082363352573,0.9129957849356297,0.8171358117761087,0.8713592226789268,0.8262788864547419,0.8072961704479156,0.8215070941005256,0.7549999952812501,0.8350687204965965,0.0,0.5609484973658818
p_0,0.979128308001707,0.8312164647411753,0.7103750054441117,0.9011902356662537,0.35933805721822626,0.8542006637628156,0.8880645028207647,0.9287078289153895,0.8997408801078923,0.8838975830764865,0.8170160781253489,0.8490243038376435,0.7317578757633544,0.9378516528264899,0.8210434012967616,0.6871915377504312,0.858204987476341,0.8566203357199887,0.3664921274087891,0.533024330631377,0.8318820108762807,0.7047404077837689,0.8884744494639337,0.3145299091533349,0.833528054631818,0.8912982623226506,0.9312341065134263,0.8615583926878045,0.8889174920266975,0.8688829220134567,0.8373055123326688,0.826372692757319,0.8165534229984347,0.8642877744885181,0.29473681108033567,0.5924967632923813
p_0,0.9777142739655015,0.811404563559701,0.6991266962135899,0.9013541140768666,0.570093451283955,0.8507778633611848,0.865709833005607,0.9190346432340505,0.8562360399009803,0.8943236289207784,0.8684528098758079,0.8566810321748894,0.8168188853751183,0.9457041458346889,0.8664292067084335,0.875416387129877,0.8396080410541101,0.8912971349206048,0.5599999680000018,0.5238339286323223,0.8243300090512361,0.7034504270549473,0.902767239986117,0.4690382019889565,0.8558400813978843,0.8717253838599316,0.9102400316612385,0.8340569213289232,0.7836826787104788,0.8418011056060652,0.8804278842530796,0.8557457195278205,0.8020050075062343,0.8820678503553336,0.04396984897003864,0.5406288258855498
p_0,0.9785969449204366,0.8063690603348557,0.6949831713967655,0.8519054505234531,0.5270528292358191,0.8630619681460929,0.8744025175255766,0.9083960880586737,0.8692474581828852,0.8986577175176794,0.9061611352934571,0.8533735361727345,0.8423608501263339,0.9400628450260431,0.8663720852762669,0.8476998641185801,0.8672875386071738,0.8892322540905532,0.5243902119274261,0.4673015843345931,0.8101518112369142,0.6950181866358911,0.849181556385617,0.5387488303513126,0.8403742554766801,0.8624721894884023,0.9179940997533959,0.8574847902089511,0.8693250224029145,0.8672022663818473,0.8504708668168817,0.8093283566990143,0.8254690117938089,0.8827612795191272,0.2833333254629632,0.5212713910940274
p_0,0.9804390006863267,0.8148832841127971,0.7153435276914365,0.8201892738011126,0.23517587703340828,0.8724707424060836,0.9026520630362574,0.9250923743561235,0.8605029389959928,0.9024492061630607,0.9039548000394134,0.8065763984208104,0.8786362777864809,0.9494719244454312,0.844673602021293,0.7726725985742782,0.8511404510735867,0.8960290988218358,0.5321100429256841,0.5173116036933645,0.8330134072344118,0.7267956384209272,0.8335865206231277,0.1915789453518006,0.8722523585694906,0.9017842276071247,0.9253575160299049,0.8561278853728599,0.895232776648822,0.906505010709944,0.8259671126071979,0.7791741454686397,0.862048544333638,0.9023285208067343,0.35897431295201115,0.5203251999979662
p_0,0.9787307723348244,0.8094954206912257,0.7107580418778237,0.8635455675009079,0.32508833347900473,0.8132820291254718,0.8825543004312608,0.9219738974278979,0.8906199276310506,0.9167776292165263,0.9018702357380046,0.8433734906981208,0.8494857296110594,0.9180333868578793,0.8633781216851131,0.8718838047433692,0.8780236702108921,0.8842546208139016,0.6290322073361123,0.5474509760984237,0.8092883552244363,0.7045226114979531,0.8659182370501177,0.3327171842381297,0.8226655168942932,0.8853114124776014,0.9170371220385445,0.9082438718774115,0.9075769039243157,0.9140499635249829,0.8505988278253355,0.8492047496492757,0.8487165436989812,0.8867836029577116,0.28260866493384074,0.5661404432980923
p_0,0.9798499772311776,0.816170255971326,0.7094430646802016,0.8989350019491285,0.53758541528946,0.8470337474788513,0.8824115429224092,0.9140034858140595,0.7803781289929708,0.8946527718151268,0.8969404162723016,0.856358643316991,0.7821162420801304,0.9289944793757694,0.86143080668315,0.8668127565940766,0.8363443101150675,0.8857957026679135,0.46846842626410573,0.5025484174182038,0.8216154402018561,0.7094186395043569,0.8680048032705422,0.5774378529881659,0.8477166419653241,0.8821892315522685,0.9191484406007745,0.7517955407594482,0.8809808605853912,0.8752378339895682,0.8712376016634432,0.8716981113800879,0.7655288149662629,0.8585288798978691,0.3404254956994153,0.45099540409266686
p_0,0.9804453363267809,0.8394958244492651,0.7221689273300008,0.9316174957452196,0.5288590533039054,0.8654024862827068,0.8947800297927403,0.9278317320771413,0.8715486184015023,0.8759721647728393,0.9030960979029029,0.8739551960081738,0.8366978486185822,0.9419156208599144,0.8631503912480841,0.872744537339163,0.8733007021571468,0.8806196021716197,0.3095237726757413,0.6425427841440451,0.835928556510991,0.7107578067285787,0.9084277811253666,0.6151960708922051,0.8555644786314364,0.9031286749393825,0.9242448710901605,0.8594386590545059,0.8911248345769726,0.886296137279813,0.8711119048345443,0.8556029623723267,0.8213649802886351,0.8729770409550461,0.677419245577541,0.5933408133432816
p_0,0.981920034876935,0.8473533768412171,0.7426911025917069,0.9115542329695449,0.33112581685013853,0.8669669667066164,0.9064283776659395,0.9335368840665521,0.9100631979484072,0.8923130795001967,0.8960698670391488,0.8587140403607696,0.8101140287305056,0.9350394456542159,0.8763114293426179,0.8674364876040729,0.8781869646922239,0.8969179697516189,0.3809523607961714,0.6258338348948828,0.8471232710527953,0.7366701015175942,0.8799583815320858,0.6183310448928722,0.8678048488743242,0.9169725457894962,0.9280043794535974,0.9132925134176452,0.9018294864870086,0.858751969230115,0.8849002344820944,0.8742987723367988,0.8646153801814596,0.9009521930882967,0.42748088339840584,0.5373134299716769
p_0,0.9792551363838784,0.8085723661489131,0.6773333981719601,0.9095093956017438,0.2566191393763923,0.8425800363060608,0.8917374432207247,0.895648499670681,0.8404948771577826,0.8978736141824846,0.8944699326383243,0.7966305636663524,0.8153338812544644,0.9407569082627046,0.8509333092183566,0.9029126192720467,0.8471673198473826,0.8790006185432577,0.2929936119112349,0.5387994117188901,0.7992154257391715,0.6699069491417733,0.8860521251642518,0.4394618768391349,0.846992281609912,0.8941862365216732,0.9025634789803405,0.8190524826726441,0.8856602339117213,0.8719673291569365,0.8725584646820019,0.8734939740243245,0.8442565127254651,0.886915586940285,0.02409638263899004,0.510794669220052
p_0,0.9792785328650592,0.8007753350765385,0.6937484487158044,0.7796870199603506,0.5201863313650129,0.8607919144189423,0.8918801282469104,0.9010398405765628,0.7620160690109334,0.8879500839152801,0.8882821367729645,0.7952848691737333,0.8344440532542196,0.9438871471504923,0.8618394668736754,0.8631408945031472,0.8537506699743623,0.8898321063102885,0.48809520904195186,0.3583710374808051,0.8042309115655147,0.6907525880269241,0.7659317940355392,0.5142083862367498,0.8612182774001989,0.8900425477162283,0.9038495131886032,0.7778967075489742,0.8825613599931963,0.9005382614075866,0.8593322379706527,0.850775537795016,0.8279181658970026,0.8868743361106429,0.0285714244897965,0.4647058789359862
p_0,0.9793984516402056,0.8139812739480469,0.6802791455982078,0.8874865541614402,0.24503816762717792,0.857897759661718,0.8866155280343981,0.8664601515818304,0.770870336793188,0.853151293178956,0.8473879044685564,0.8063725476078912,0.7575885312867021,0.94445067037535,0.5262783454635142,0.6051475185023618,0.7320540104331626,0.8654440146086448,0.1261261147634131,0.23827314139363576,0.8130499762910902,0.6872073101934741,0.8352900013926119,0.6172316362385888,0.8529171048600148,0.8837521328235973,0.8884066614829889,0.7253839199598133,0.8396338475021775,0.8749999982527956,0.8019686793718401,0.7737967893748748,0.6265697248739609,0.8828140694645085,0.0,0.39723661387309
p_0,0.9775906194148225,0.7972945587985906,0.6355179513808947,0.9122368756062463,0.1138442770606947,0.8566280563524363,0.8921830247368367,0.9152929846496853,0.8741881153786527,0.8423255807423833,0.8492239449019425,0.8672413768182718,0.8090452242826742,0.9390459194481584,0.5512899891111559,0.5460734243956397,0.7485530498485334,0.8650715818149916,0.10909090247933924,0.46864111294145855,0.8065346072008677,0.65515017635203,0.888409392998738,0.3868739183254236,0.8545460341057671,0.898567124425466,0.9171807808829184,0.8461711196427453,0.8956452882853165,0.8853054715300808,0.8118193003013361,0.7929267022221252,0.6889049986301305,0.8825065264934658,0.5256409919460903,0.5569620233580801
p_0,0.9824068438791409,0.8569709331446876,0.7327248112197532,0.925107702593449,0.4523809456490931,0.8368253584568572,0.8934680335508751,0.9319409866237989,0.8814867463374767,0.8968870177077956,0.8645224150474601,0.8657718091752623,0.7809178097461296,0.9302987728893324,0.8556109483062638,0.8662715772577387,0.8572889981724348,0.8708920178500938,0.6745097774702048,0.6351638968277399,0.8479515659479107,0.7212311727256733,0.8987688775862189,0.6830391352030765,0.8572856470850271,0.9150966009249111,0.9376081041897653,0.8642107508414963,0.8876902609075733,0.8406355299936555,0.8756544494431054,0.8600281802253918,0.8480392104899558,0.8751504531402228,0.5271317420828107,0.6150252992797769
p_0,0.9783484266818886,0.8273617636279841,0.7103285477915361,0.9238340570864569,0.4186046442092252,0.847440971517008,0.8922931096688085,0.9258170110826073,0.8993238854317646,0.8933490745813006,0.864902831035114,0.7904015632203646,0.7744384663889956,0.9149337659140782,0.8108586074711658,0.8553522164568759,0.8716861035435519,0.8592709421142035,0.41212118714417045,0.6815985916486667,0.8222024985920207,0.7055456002907111,0.9231874256704464,0.560893848481633,0.8599481792281608,0.9030242402500128,0.9300825880019897,0.904029049884118,0.8922180037335833,0.8504007104844152,0.8687798823545424,0.8580411103795862,0.8398084042586035,0.8530841113522578,0.5409835622144621,0.6562383588222035
p_0,0.9786115779413765,0.7961499661970721,0.6942704890448163,0.8911621661964547,0.41209829088661076,0.8523450263003355,0.8811967094757974,0.9242146431217366,0.8993946974541905,0.8972129884318506,0.9130543700499765,0.8245838633180372,0.8612542936828731,0.9334204830207761,0.850241545088338,0.8730729679520222,0.8414096869966428,0.888513868907801,0.49180323837678375,0.6332288361553051,0.7884037549595674,0.6874548489044252,0.8811496628164489,0.5978755599715393,0.8731678442804833,0.9023960920619534,0.9375240532793303,0.8971387540794393,0.8886556085879659,0.903617380666139,0.8671957664310443,0.8869982528643146,0.7564469870690718,0.8821393189367895,0.399999952941182,0.5706340346460843
p_0,0.980816739154907,0.8224546003192251,0.7314901258801765,0.8920187788441657,0.4875621809691181,0.863582603702368,0.8958367319573365,0.9262670202122906,0.8999804640554987,0.8826543678691684,0.8492245083925133,0.8539920562241197,0.849647264440813,0.9333983172779983,0.8459886047950046,0.8170272793578851,0.833770315501991,0.886026625299246,0.4556961448485892,0.64643962448025,0.8174795362616188,0.7191465111870048,0.8925396207515753,0.5875575969175392,0.8314815473432597,0.904630764505593,0.935513909361242,0.8806540470268781,0.8707242428624793,0.8616944222503152,0.8674895617466968,0.8070035797711828,0.8257575712891907,0.889309575847094,0.3863635924586827,0.5901639318114136
p_0,0.9795590259926926,0.8069651684666648,0.6881466638126089,0.9057993457560491,0.46564884903754644,0.8262653071043417,0.8892514046869641,0.9124864009957172,0.8643348151391682,0.8651755412608715,0.8662857123056327,0.8516746380137112,0.8128471364094492,0.935670701997933,0.8372637256190246,0.8713503629759345,0.8501529008656835,0.8771159865442885,0.3333332905982961,0.6292548269123512,0.8054046132053795,0.673451404944555,0.8970838112986986,0.4652087428905692,0.854705813840459,0.8975634593991865,0.9219699783389343,0.8870484924296064,0.8669281405890684,0.8898617491017011,0.8523817825402358,0.8808003386956145,0.8454106229141871,0.8849214875404157,0.22448977301124765,0.5558648089230027
p_0,0.9818134812421301,0.8311016451479345,0.6940865823060502,0.9288197292242201,0.31024471045107954,0.8507811312450231,0.8828469636217248,0.8968985744426471,0.8325034845324603,0.8682461216394698,0.8384735994812503,0.892852316048031,0.8063348398046724,0.9371893355592075,0.7266917286403274,0.7918607482425576,0.7865961153051375,0.8947534424405915,0.2545454082644712,0.5366174038206325,0.8253992118468712,0.6809334424946205,0.9144631597036862,0.3816513743960946,0.8740223797154305,0.8871130368828705,0.9108186189978693,0.826033948395354,0.8583721126891105,0.8981937578046147,0.758410350500545,0.8311930870156594,0.7213740412126334,0.8892304304652208,0.18181812672177977,0.43773970739519374
p_0,0.980252810878453,0.847440399347803,0.7086572618086737,0.9501141377339652,0.7503701487996146,0.8765291794650281,0.8752162733959206,0.9095002808746637,0.8771679240183964,0.8795828312237602,0.8569415060912815,0.9190887652488786,0.8416652719584262,0.9459562756180331,0.807853562932965,0.8557863476089426,0.854357793266297,0.8798805196502235,0.3353293212377652,0.5222751456366624,0.855477855461293,0.7012534712552021,0.9477443333652439,0.7878702386630886,0.8910458311721264,0.8816388220046774,0.9209972142374858,0.8737554002688753,0.8599577754574615,0.871573601848798,0.7645575164332081,0.7744708969098184,0.8145604339659311,0.8949167986153217,0.13636360537190786,0.5211349150335168
p_0,0.975510969524678,0.8276455688648782,0.6888458885628393,0.8395484520297131,0.19691895380496346,0.8385196199409336,0.8616209557000384,0.8999730089608783,0.7591257064694046,0.8596790707683994,0.8711943775363118,0.7104622842235917,0.8281825447106765,0.9400489319659224,0.7225831849551259,0.7272282058588927,0.7393458833530927,0.8570676486294045,0.12587411707174007,0.4427054195488797,0.825202882351413,0.6741515540055862,0.8433908905340287,0.08185653973900194,0.8568378531861401,0.8789408461133129,0.8929156077375582,0.7834830971507455,0.8269269064416604,0.880400749571278,0.5658536579231939,0.5255198473520932,0.7428236629008573,0.8206776708769091,0.0,0.4485382440987655
p_0,0.9814072233983949,0.8199969312803183,0.7303169048412902,0.8702647910361936,0.35075884737337526,0.860589470729967,0.9063794290859625,0.932282971132991,0.8981271857397333,0.9108461095899766,0.9093688558432653,0.8112965305464418,0.8430351056782898,0.9388684398476703,0.8645736883557161,0.8759191156343771,0.8339805784758223,0.9047661943375384,0.36363625344355954,0.6010230140599552,0.8269799672010644,0.7349117766728321,0.8771396465024521,0.15699100443997543,0.8471576514645685,0.9117572983246799,0.9355497868583699,0.8908474567643124,0.9128775623097616,0.9081462990271274,0.8125757691646522,0.8455582704858227,0.8252483879295828,0.8910502356642721,0.27586197384069866,0.6392694034736557
p_0,0.9810073564345428,0.8338171372831656,0.7428635981182881,0.7928694952821143,0.36341462971445576,0.8674354390555675,0.9084141471114936,0.9204036421755335,0.8857056381663415,0.9135144943935638,0.8983551225256113,0.8686131360443639,0.8236869501209836,0.9350281356636811,0.8581630951186157,0.8625413300365109,0.8675925885759601,0.8972749927815052,0.3888887808642275,0.4160447722383883,0.8398801418375919,0.7388520771466033,0.8223287665600488,0.6176631891516007,0.8616699536943886,0.9131781838297275,0.9349173019945122,0.9002154962051762,0.8914930000053887,0.8718364023651825,0.8568446678928121,0.8257913228000204,0.8220720674432879,0.892011167349355,0.4761902494332146,0.5042424211864096
p_0,0.9804456430799787,0.8448805220600855,0.7621801868278635,0.8327016070888109,0.6777202002308788,0.829227773957371,0.8938314776623235,0.9287040064806725,0.8939779463298462,0.9012183932259804,0.8560056172886781,0.8468197183032754,0.8530805672229584,0.939726079991577,0.8938390833446226,0.8845598824325159,0.8496015893944144,0.8967759909906383,0.2553190946129586,0.44350580313087856,0.8383717638592743,0.7522347327433776,0.8138311625301102,0.6932907292868152,0.8165503220689104,0.8991064612597353,0.9420387149255686,0.8928914494561823,0.8842187698184187,0.8396486804525755,0.9052021302842352,0.8811475391779764,0.8321678273183694,0.8957608789399748,0.06896549346017466,0.4814509440935619
p_0,0.9775359939103968,0.8058318370531815,0.7008860063924307,0.8957404336451605,0.4383057009520129,0.7910961211497146,0.8715801385718221,0.9208211138502024,0.8891679739516819,0.9047681938285773,0.8620192286970693,0.8425448272106488,0.7933099302223624,0.9339370325505029,0.8710427464934335,0.8334314278003784,0.8742004217793155,0.8791807376847361,0.378378327246172,0.5634870463456283,0.801190396532581,0.6911629716327844,0.8650140358447856,0.5809822300837802,0.8011680019010023,0.8772362137244543,0.9105854518565432,0.8672190775391885,0.880049891982503,0.8715188371834336,0.8700719910266781,0.8186889799658555,0.7854050662621826,0.8790692461359557,0.3749998828125366,0.564653241321462
p_0,0.9776724842083743,0.8184268645374275,0.6899924264726979,0.9254185335323633,0.3083548638384594,0.848194992408829,0.863820586869197,0.9102579336085476,0.7981512747327782,0.8822263657421988,0.8296296277091907,0.8717039643879815,0.8303098397330072,0.933251373854995,0.8108353778648892,0.873590787062627,0.7937836174908331,0.8753450829524898,0.3977900332712689,0.42665173452785066,0.8226734584720163,0.6875935033222528,0.9207838969186022,0.4828113026523201,0.8721786785101718,0.8779726666866892,0.9205739169097016,0.767719297572176,0.8736009544294875,0.8613728109883966,0.8161260418756942,0.8285980418523567,0.8288769998069719,0.8844486722862368,0.21951216835217457,0.4617460002664367
p_0,0.9812770246799078,0.8349028985932688,0.6973748376710434,0.9467056515688098,0.5138956594005469,0.7729710899432354,0.8286097905406421,0.9201845115179029,0.871517026900136,0.8784812236526878,0.8015697797361545,0.8819218223087911,0.7917241357469679,0.9325182424752958,0.695910779806802,0.6813375230599099,0.8292029415324652,0.867488274765527,0.23437498168945456,0.5171886916837712,0.8314027788382498,0.6928125338860665,0.9226264580341618,0.5153452674438507,0.8605213648940295,0.8856245176123888,0.9057086903858197,0.8324661801951445,0.8680781751888614,0.822673687427455,0.7124529963365925,0.7865883485399208,0.8284644132699295,0.8784350245942769,0.62385315377494,0.4939729385142117
p_0,0.9770188545123516,0.8089672881226828,0.6811734077213737,0.8929746137754176,0.1560209415915134,0.8223100960449296,0.8785266637795742,0.9012729149757763,0.8044485624196365,0.8612244892100513,0.8388270042309003,0.7766848787734613,0.8057585807181428,0.9285160056247107,0.6585183329277646,0.5994679261026664,0.7891955326529916,0.8462889353486561,0.2926828911362328,0.5577580276298153,0.8043912798329612,0.6746627461641976,0.8338933344529945,0.17228050705532574,0.8271982689453876,0.8806697802672607,0.9118635921518591,0.7937702780093832,0.8567605533841168,0.8298957621869688,0.6563761569029017,0.7275771329165819,0.8010075516309348,0.8621086989993195,0.5299144846226936,0.49999999761904756
p_0,0.979531682920305,0.7855526597611747,0.6883049697006545,0.8914345060815511,0.30388692042602616,0.8439528578672866,0.8806662831324871,0.9142317374595518,0.8118115330817259,0.8501462479762286,0.8921256238231097,0.8110627693876235,0.8102153216320893,0.9369160232648683,0.8715447145614383,0.8584314686584027,0.797592993448616,0.8706301016635649,0.44943815174852225,0.5866834134002298,0.78064843882774,0.6809675422760443,0.86715318338908,0.23572296189887046,0.8350890880364518,0.8853097961824041,0.9124087585186406,0.7504663758101925,0.8259561661467153,0.8724549476422773,0.848439682488645,0.795449571657297,0.7524115707240414,0.8825347749144019,0.3736263325685349,0.5669980096739641
p_0,0.9802126092941701,0.8113012984814119,0.682631022282094,0.8827766225732215,0.36805554916570227,0.8113689939863303,0.8783212048708329,0.9363454518553092,0.8341360987598665,0.8588920405712319,0.8962844748204138,0.861027187080713,0.6965869371228515,0.9348047739989194,0.8365962387705018,0.863537904058874,0.7667900541153355,0.8773219421105375,0.33749997890625133,0.5776636676658301,0.8037086452322637,0.6716197586775555,0.892576104639338,0.5495818366213749,0.806756711642798,0.8737582210124192,0.9330906879386772,0.8259633956735667,0.8359085284024192,0.8605758311934351,0.8309972316480696,0.8743377815758895,0.7873303116526806,0.8861482000956598,0.4594593973703517,0.527544348610904
p_0,0.9790545757569936,0.8059358800849755,0.691147379217859,0.8516480260064808,0.27516778061799024,0.7985615428544212,0.8726414434943198,0.9173040677766855,0.8492507259569999,0.8886639670116977,0.9033539256324936,0.8181089710812941,0.7940911533163554,0.945459419942269,0.86262243735071,0.8335847138421701,0.852736314165491,0.8952200654091623,0.39473681613573575,0.6138996099491659,0.8146495663645744,0.6934568782467143,0.825354726942478,0.6318840533921446,0.8107780803096969,0.8826892964375708,0.9205836484068927,0.8363830916678618,0.8839489584392553,0.8996415750456058,0.8722995672329177,0.8740642869351293,0.8640376641316206,0.8926858504269726,0.4222221753086472,0.5856573676013079
p_0,0.9757551392721272,0.7993328883054728,0.6538604505627164,0.8886106513239255,0.2620363041670379,0.8098392913053988,0.8619832427291851,0.8877307541832659,0.7727632613945955,0.8827770750889935,0.892002035425364,0.7935447946757239,0.7621938863343577,0.9297130155706419,0.7084307935437498,0.8362855586787826,0.8279274281037524,0.8674429009544975,0.42499994687500664,0.4713550584173068,0.7965889099014809,0.6379842508179627,0.8371045397398168,0.36786469085366674,0.8128289471010431,0.8613113919091517,0.8890623977558316,0.7072776274876569,0.8617258273713606,0.8872403538891188,0.7456706910552554,0.836032386548501,0.773242626002026,0.8763348250357851,0.3461537795858116,0.49115815568827353
p_0,0.978360380066632,0.8284176627289093,0.682479459703489,0.9027945987965753,0.3570093424578566,0.84016250701098,0.8867249343304833,0.9071627460707609,0.8430579207378004,0.8800604414279037,0.891360134962874,0.8531021858891323,0.8095353908792621,0.9291972347198896,0.7743439043729416,0.8328008497529263,0.8162456621285504,0.8547348476754405,0.4313725067281856,0.5595036629469619,0.8219612084068024,0.674013409565975,0.8990789728006745,0.274542427000479,0.8420930768574632,0.8834477134157847,0.9121457724000794,0.791041665842665,0.8718715459456078,0.8895966010836591,0.7827548691953379,0.8387383366531801,0.7967032923258061,0.8687420700022035,0.25974022600776286,0.6007540821082777
p_0,0.9791031087950633,0.8394099806755053,0.7111851227686763,0.9019858152829837,0.3741258675852121,0.8844714080587397,0.9001631633937894,0.9375782144778605,0.8603471807486375,0.9005915632069241,0.9140100651971266,0.7815570643176225,0.8272300450065023,0.9134637718371368,0.8554513153698412,0.8640143833130718,0.8374655608931791,0.9084216188647678,0.589285661670923,0.5523429683332853,0.8419827403207223,0.71461871676334,0.9022048495684396,0.48756218501192217,0.884261577562861,0.9074135299524788,0.9330442409101005,0.8445032603795224,0.8929628924003258,0.9010117022396118,0.8611134642309013,0.8797053991822722,0.7939262429830464,0.901869576078478,0.4166666232638934,0.5161554171118388
p_0,0.9757684130357543,0.8152663067620404,0.6408758540045051,0.9106125693204097,0.5500467675393194,0.8207018188273087,0.8214251801267707,0.8968415338912555,0.8664042592424123,0.8707111658837249,0.8606692241890586,0.8097327466898031,0.7794332434138672,0.9146578116963521,0.8241862055963358,0.75376044358284,0.75843006767037,0.8468893863216983,0.4778760639047731,0.5792474322339511,0.8125586687090527,0.63544999462985,0.9097309373076217,0.46535375298793763,0.8460471564771012,0.7871679164988522,0.8831724029754755,0.8390364691140968,0.8458374458326444,0.8260745777794631,0.7835131712029618,0.7686298053827229,0.7501656676596046,0.8399049871260036,0.4637680487292683,0.5490437984298464
p_0,0.9796007691689884,0.8309271842703404,0.6408741891262123,0.9288599617851814,0.433389140317175,0.8231884054950694,0.8135901237844306,0.8790894214291921,0.7922918723495378,0.8207869968485978,0.8566116642886088,0.6841369659606272,0.8001357285370352,0.9161485766472659,0.6737851772022576,0.7801147202673208,0.7152126841008458,0.8337097339430528,0.5230768828402398,0.34160919461699035,0.828145979156876,0.6313851326419481,0.932829013134628,0.5559086953021997,0.8579705889992407,0.7955924761335608,0.8749105475347714,0.7446058619920864,0.8340245709100677,0.8307056065373336,0.7362024300296848,0.7522150908884354,0.6597609509182395,0.8229589820168275,0.5510203519366987,0.40686695191659455
p_0,0.9722515309477091,0.783735866109747,0.5990978216921022,0.8769871890426812,0.23879346359952464,0.8285493586193267,0.8548404612860951,0.8732775585179149,0.768231045822049,0.8405008158950923,0.8563036582550754,0.6761951667018474,0.7913933330060526,0.9211619929551821,0.6178170312748696,0.7691020614358559,0.6084291141116543,0.8125984243437288,0.4857142510204106,0.4152637462667579,0.7922881355792323,0.5958499918484026,0.8728626792032591,0.31573333164942224,0.7998127995788542,0.8493427852378258,0.87829776712484,0.715823151954882,0.8264011555914557,0.8671568606197135,0.7283236986701861,0.7683730340385884,0.6266986360775488,0.8431703194568069,0.26966289104911334,0.3866666649481481
p_0,0.9796613356910039,0.8146784025329492,0.705960842828998,0.7710967356872268,0.4750957808898872,0.8518186507886293,0.8932555942353864,0.9134598636522956,0.8174656151455928,0.8958627024849141,0.8773779489402294,0.7497935559463519,0.8037028226828796,0.9306986220241351,0.8455562188631809,0.7748976790020518,0.8295454502606123,0.8888462268296734,0.14159290782363648,0.37017070646746897,0.8242182571479609,0.7023055501369511,0.7446406564725744,0.6575735774761409,0.8615492651086999,0.8913862524524457,0.9051014130884442,0.8093126375839953,0.8863650697921855,0.8639136535337549,0.8783373294337832,0.8508859230521881,0.8422260422132757,0.891833101748237,0.2588234989619413,0.4735516342975338
p_0,0.9793252065739285,0.8007605378151122,0.6788391409087376,0.8468650567670354,0.5775492666876669,0.7936992729861431,0.8686361528205183,0.8968244864743641,0.81296660038019,0.8800773688311154,0.8578789161488216,0.78066686821454,0.760134465572208,0.9266844334674766,0.8582562979352399,0.8368433213681016,0.830784909119343,0.8908434395974045,0.1851851508916387,0.3205128182299657,0.808989338288306,0.6844815756841246,0.8308257141923455,0.5458052020655236,0.8220174869954763,0.8826375788784113,0.8956630669357137,0.7595536009811011,0.8896479603418278,0.8854258101724631,0.870043465918528,0.8653007827696148,0.8215909044227789,0.8908023474649683,0.23255808545160803,0.48466716348292005
p_0,0.9783170601847265,0.8001333403892606,0.6602308855917871,0.9098200762210189,0.35924232293114094,0.8203891298213896,0.8436620382083199,0.8800849420133486,0.7844392697085378,0.7999653312532802,0.7775670528919885,0.8416075632030786,0.8093674747004433,0.940908115933771,0.6923737704568352,0.850905216051903,0.8069956226920948,0.8667186272500628,0.043956039125709986,0.330987896619792,0.8017855056583386,0.653714940096349,0.9241329876875816,0.2882037514195459,0.8596841173082358,0.8723330332060191,0.8764334661895681,0.8153422568922982,0.8405670276158846,0.8248407621421423,0.7523042585113959,0.867625897199938,0.8011087955571116,0.8791357181193611,0.22727270144628392,0.4136704851567158
p_0,0.9792487075880824,0.8276512621705194,0.6794227560070343,0.9477139350572404,0.6530468451812369,0.8382112797267268,0.8543128152690767,0.9155337923358458,0.8674005493277451,0.8466924628278124,0.8404471523362623,0.9011660163765518,0.8057589048175723,0.9309619276408427,0.7917026784877889,0.8636501643982685,0.8069908753268171,0.876735739289964,0.4457831056757165,0.47481066685936557,0.8293769659982692,0.6746784545317064,0.9425585296607748,0.6626139797488937,0.824810757026794,0.8614262364343744,0.9060234775123334,0.8637176572508434,0.8493964352851155,0.8445945923997021,0.7673736453436669,0.8427745640382237,0.7843704718931225,0.8865627478819402,0.47619043839758424,0.5188536942063053
p_0,0.9805517197790624,0.8476187809568251,0.718167192031056,0.9142945421519855,0.2939958571842936,0.8171102771507162,0.8479459071237274,0.9182751998429421,0.8412530789144045,0.8614636775172403,0.8916234868488268,0.8119584020279098,0.8181818169462673,0.9341638959237579,0.7651172349186371,0.7828065719777331,0.8532061428022992,0.8789213475245651,0.6324786216670322,0.5074106342309911,0.8610624864987277,0.7271188295682601,0.9149976708139274,0.2892508124478774,0.7907093217333283,0.8458945829038487,0.9152350167742614,0.8560706392317101,0.8629243691677819,0.8987213296149354,0.7117965144083752,0.8258426946960612,0.848556270780458,0.8831709385269407,0.5859872424844828,0.4761904744726173
p_0,0.9780467681633441,0.794921173344112,0.6639009722868486,0.8866964213487075,0.1460775460227453,0.8278559478431919,0.8697999364302292,0.8920246241322373,0.8187096765390218,0.8186786683662766,0.9087147636185291,0.862446135689605,0.8234582812908943,0.949096089974817,0.7624855262350556,0.8102965841905523,0.8704530895312502,0.8539202793978096,0.18181817355371938,0.47255160091106013,0.8171124688193128,0.6872898818720021,0.913070571384534,0.48318042074647677,0.8027715373906483,0.8664495552678865,0.937047886090125,0.8968983947626755,0.8689814474345041,0.9020076460277064,0.8729991054903721,0.8635856198625015,0.8396846199757909,0.8951006292995521,0.31884056430721913,0.620162013410612
p_0,0.9793883142886282,0.8163250959071391,0.6828430416208568,0.9196162605310109,0.38579499285072644,0.8646476451742053,0.8936166540799737,0.8724320329238332,0.8453282819388381,0.8538887074081608,0.8511719829111212,0.8695158833783739,0.8182054595105189,0.9421557122745543,0.8082892250755457,0.8451526013349359,0.8546195594115519,0.8425083762057104,0.40677962654409944,0.5308488590855119,0.8282624247628619,0.7004098596340639,0.9255544079939139,0.48680351549264284,0.8435876192320252,0.8879749480884344,0.8924476564728018,0.8663218610838255,0.8530722831456409,0.8353641234475372,0.8480362267281754,0.8715904303995166,0.75633802284269,0.8729649425157874,0.4561403242023202,0.48593350228282123
p_0,0.9840453562114839,0.8697812642269068,0.7455185559440612,0.9375688703619888,0.6390134457509704,0.8598702401457481,0.8958193423935782,0.9264886051663265,0.8649502054105536,0.8908476802942189,0.8816003701288664,0.9172413775531775,0.8400852858562301,0.9515397748824236,0.8492081697851639,0.8546310805192117,0.8327868797850041,0.897963699758783,0.612903192854667,0.5878717628896416,0.877296679487511,0.7540538075215502,0.9381228531788404,0.5248359838347143,0.8600118799366356,0.902925077556469,0.9330491468574166,0.8585229428517568,0.8944426168246937,0.8928571407592643,0.8450971093734047,0.8544710670529776,0.8482709890735992,0.9018706914977894,0.6056337601666366,0.6251817370596634
p_0,0.9791080405356541,0.8238409306654054,0.6875671271318644,0.7769279343365884,0.3996696911670546,0.8431272352953733,0.8992003274052893,0.8696380491357236,0.8059659479302576,0.8913967252585185,0.8982894107760301,0.8179271675953294,0.8172774847715248,0.9436699908271033,0.7937219724096913,0.8530259345508504,0.8492063443922543,0.8748586497598392,0.538922123417837,0.32723772543563306,0.8287855485375415,0.6929328609835032,0.7718488106962128,0.24644549471036145,0.8573496551413445,0.9013818671384204,0.8793931726426086,0.8160614884494282,0.8880726308905172,0.9104718045788912,0.7879279272180829,0.8335180650997162,0.7952853548679568,0.8797766860335194,0.09374998535156479,0.3608391583158101
p_0,0.9780762051459613,0.7773720350006266,0.6909568898193018,0.8406722182014301,0.4547038287917785,0.8220719333470421,0.892125972198721,0.9187050354204407,0.8872287431670477,0.900360143488747,0.8872727251217631,0.7525131605911289,0.8037940357620758,0.9379869978011924,0.8637932726464215,0.8526886560038667,0.8390191852930747,0.8879207048383393,0.5480768967270723,0.4625514365222104,0.7783318460827267,0.6828287556649408,0.8402623877137388,0.4379683560535524,0.794158032457197,0.8889980136992358,0.9172692726331234,0.857328004258205,0.9044602619313915,0.8965517219760026,0.8569592353498354,0.8295782768542688,0.8223116686468565,0.8816005237984033,0.15555553827160684,0.4188537738679498
p_0,0.9799659514601233,0.8203990965107913,0.7276408934472173,0.9055427163693398,0.47834518113545454,0.8590727843661629,0.8938064001091722,0.9334767587989148,0.8849978373486838,0.8910715597879982,0.9029398019063467,0.826405864603073,0.838055745593053,0.9411203357302947,0.8020490296358864,0.8471111092286421,0.8287036989079647,0.9038272807617004,0.6082473913274541,0.5807899435332587,0.8237292203025,0.7300734334388315,0.9080480115752406,0.6826108585819091,0.8578993819008008,0.8987568883122762,0.9340678864201956,0.8855731415610716,0.8929243228961624,0.9079307180767304,0.8370900726269866,0.843964261699638,0.8694096549230194,0.9009851717574036,0.39316235955877266,0.5842615861147625
p_0,0.977239592327481,0.7805675641460851,0.6334302044905072,0.9029643387570094,0.5617021258209423,0.8586241394480113,0.8797777415952934,0.8943712569494783,0.8399252330168784,0.8572251001315306,0.7932888776225234,0.8011831802214596,0.7782243303681975,0.9365893458956775,0.7254346176063543,0.8210871324198658,0.8258221630583303,0.8723680262724598,0.6438355723400293,0.4477095924871518,0.7890909956785869,0.6340833987731221,0.9279470118256485,0.592819881580792,0.8546399871263148,0.8852138987522731,0.8965300866558762,0.8542706781444672,0.869090405813457,0.7847689789069678,0.7080873388547584,0.8137254878496958,0.7678221009298751,0.8822422078202864,0.34920629377677875,0.4074657063020785
p_0,0.9799724529347918,0.8278127506483771,0.6907420886504673,0.9309544761719027,0.4045612275430777,0.8655105231817858,0.8913016583907886,0.9200685290245947,0.8649872621332322,0.8522253386517361,0.7556179757593212,0.8552748860170136,0.8360349101121106,0.9421377015363438,0.7524420318180148,0.7643042129401832,0.8183288365588742,0.8807785878760409,0.46774189776275016,0.5164319226784808,0.8446949364669541,0.7075772646410733,0.9300531201798221,0.4292866055739261,0.8684614594231885,0.9025551442305175,0.9201845034622617,0.8476846899838029,0.8731889695644267,0.8159600977158102,0.7954634329336494,0.7734859304399477,0.8220183435962181,0.8953526507431901,0.3030302724211846,0.5054274066980075
p_0,0.9777621680771315,0.8104911260917597,0.6897254867459073,0.895087788165284,0.29781021463050783,0.8648648646233903,0.8962829776584686,0.9213971361364842,0.8662204007730838,0.8896816678857837,0.8775382020566502,0.8422515606593065,0.7935642192703457,0.9131620901836737,0.8443413721295535,0.8490056448588125,0.8637029757513289,0.8856109092813703,0.40707960999295484,0.5405982877104792,0.8183986820752379,0.6884881609238037,0.9160841887945316,0.31517509114445347,0.8674079940801048,0.9035284010375614,0.9280256887786371,0.8804709001419625,0.8714071646428231,0.8402747942458678,0.8512685081097157,0.8748267878179521,0.8482446158083544,0.8972283066032686,0.5256409919460903,0.5843866149279308
p_0,0.9777986851760345,0.8080509414820143,0.7129610846527925,0.8787068396751014,0.23456789399481812,0.8536004083148157,0.8988151833937668,0.9170657923281745,0.8849477845832303,0.8999175786530569,0.9079681256813384,0.7763605409168344,0.8205244104418526,0.9134993207942961,0.8714298910514559,0.8556176897416937,0.8674409256410054,0.892007320760039,0.5398772674921921,0.59162662600119,0.8051626579120262,0.6959326359262863,0.8337329582559889,0.3706563635008424,0.8544130495617788,0.8998282301646926,0.912450135989686,0.875547764350966,0.8817439313920719,0.8935353905744574,0.8592566488821062,0.8699037064742805,0.830893483942991,0.879091396101689,0.37593982135790815,0.49229133177941875
p_0,0.9827315016346329,0.8405800252426482,0.7520588384332073,0.8955207996087239,0.180952378080121,0.8793913204084817,0.9166713364446154,0.9308931673884842,0.9033912787086622,0.9099283515161666,0.8767605614507911,0.8102073322158037,0.8360329615344332,0.9354142452200981,0.8058294783089017,0.8755058298607337,0.8554327769086888,0.8863971664341526,0.6406249499511758,0.6099290740816952,0.8511867610455056,0.7487965690703509,0.8911207985811375,0.5141612144426884,0.8773983113080717,0.9221876641442499,0.9352747122424783,0.8975644061394844,0.8946964850513122,0.8424551277587966,0.8844517177704978,0.8910680006585633,0.8454724367840923,0.8978321950041829,0.4473683621883734,0.6079779889592939
p_0,0.9802195848901195,0.8046190119419996,0.70835536793183,0.8738336708931709,0.15343203023644644,0.8407696595536057,0.895593789278529,0.9335286771210979,0.9123086091545948,0.8875833382483442,0.8464730269795631,0.8606465965787937,0.8047532582856028,0.9383524727543732,0.7635103192346697,0.8587080555610408,0.8557031568680569,0.8884167922221378,0.5378150808558756,0.5139813547671015,0.8046916793297362,0.7072534402662246,0.8737183641312665,0.40767385765248715,0.8617423139240592,0.9111789724119767,0.9331147164962319,0.8918918910606786,0.876299375730055,0.8290926528346312,0.7609962898319356,0.8313207531484514,0.7886089770612871,0.890122085672362,0.49999994047619756,0.5708333303602431
p_0,0.9769554208876334,0.8100648501751422,0.6747700178316036,0.8596975041777808,0.06248256607396773,0.8721916782487641,0.8761176585930444,0.8642935239555987,0.7812527837643654,0.8480600743862661,0.8853232636023519,0.8334371095369908,0.8424714248095554,0.9432344601297022,0.5098873054328223,0.7564798048327914,0.7835400181311161,0.8717371727365694,0.5303029901285613,0.32421052546260387,0.8104886973596472,0.6467063593682078,0.8696413552149631,0.13839015505670738,0.8672608193682868,0.8609207604849973,0.8475605635686885,0.658961073031114,0.8215297442917575,0.8617395654556571,0.4058067371389553,0.6620123176098056,0.7221842954117113,0.8746999509425109,0.0465116170903216,0.28827701233150393
p_0,0.976623235826491,0.8404489916698373,0.6983856611458452,0.8858427771592579,0.16586703164541797,0.8476523322146626,0.8552853071207314,0.9115561761053893,0.8605706211709138,0.8849816843333468,0.8994708975672574,0.8244749784172284,0.8319896794066597,0.9449254139388806,0.5827732389796575,0.8220479904441721,0.7951807185367978,0.8786485209961066,0.5937499690755225,0.4916018005260065,0.8319003454961934,0.6763203138964631,0.8798068256460854,0.1306048747198168,0.861766605894297,0.8692777278255511,0.9193674123402565,0.8230784740537841,0.8425404513204502,0.8892575676290801,0.4410671326907204,0.7305596812021801,0.8123711284373119,0.8700104286811317,0.0,0.4462691879819022
p_0,0.9788233010755308,0.8369939853707209,0.7088853496935325,0.8860891773768642,0.3961813747928073,0.858028710241519,0.8809160304703079,0.9351972253276998,0.8876822514955433,0.8827897960072394,0.8948268471679631,0.8346946680875352,0.8397790036689967,0.9446387915404078,0.8474492722850167,0.864434461281269,0.8557303332326726,0.900887708519367,0.5863874038540626,0.6359773326063929,0.8370010785454473,0.70695196305423,0.871412169419396,0.4683357810259826,0.8783420342103015,0.891374333459355,0.932504135943114,0.8955827149498771,0.8902109242224101,0.905543235242698,0.8492834781343408,0.8611908848148748,0.8656061389708933,0.903469792092777,0.5517240998810965,0.6743159723110503
p_0,0.9793244533897562,0.8152466944944342,0.698176228588355,0.9140856573896403,0.15181518026555132,0.8325432609424815,0.8870906789932232,0.8841308254923783,0.8528043098597402,0.8733809888361661,0.877639412892151,0.776988893542711,0.812687310657624,0.94550889482791,0.7365470843760683,0.8678304212349425,0.8243243196828586,0.8531322495903338,0.4230768823964536,0.523017406100513,0.8152045445716933,0.6951404687783382,0.8963251329698982,0.23831070710172922,0.8375815974364386,0.8617205451177468,0.8958800532479785,0.8533244784151038,0.8797175010080795,0.8780078319026081,0.7358838184286509,0.8451782702915094,0.8452088400171447,0.8724575246799982,0.49999995192308155,0.5059652914697254
p_0,0.978344467862602,0.8124480137528244,0.6670217377723059,0.8087849123843489,0.37376668384348993,0.8152315657009458,0.877148496529474,0.912846529617173,0.7452915953431724,0.8541748635758442,0.7755102021515425,0.8277602497546995,0.8245201707314529,0.9294957695602744,0.7520236912615759,0.7950052008454599,0.7121888914346592,0.861526356351764,0.2222221869488592,0.4168618234437016,0.8171713615087197,0.672338935562459,0.8464643109158709,0.38064926555920264,0.809969558291488,0.8706361915220093,0.9155466644273634,0.8063691296997104,0.820776082726275,0.7831589175391607,0.7649353307689024,0.8319521159485449,0.7094594546658145,0.8258078088350618,0.028169010117040826,0.4635108458406763
p_0,0.9782004161128135,0.7902463375029725,0.6385943942112884,0.877533905648323,0.37165354038068077,0.858108287652492,0.8760589250302298,0.9192757003976193,0.7748072486484358,0.8761377696962516,0.8274388776941873,0.8646484842015298,0.7930376709751129,0.9419005497264196,0.793516261475245,0.7765278176450963,0.7652901162295341,0.8922601208887234,0.0869565091367378,0.3217753098351227,0.8115392682271132,0.6645032460339211,0.8767988765190979,0.351571590784964,0.8485584373130726,0.8752860411288661,0.9281261453806832,0.7678536672817147,0.8630731096165791,0.86281234477508,0.823887078367115,0.7984369886081504,0.7352941129456898,0.8721338557404112,0.0,0.519999997877551
p_0,0.9786681770064138,0.817984785488352,0.6664665577061128,0.9417088100538179,0.6079751392647584,0.8170201285218585,0.8729196629620471,0.9242424236439767,0.8553432701497552,0.8680109176120359,0.8491620089141739,0.9071925736519866,0.749608270919435,0.9406720940280893,0.8256844969056957,0.8104395582130781,0.8531375109937416,0.8708165987608025,0.4225351517556124,0.5839775102460382,0.8169907818410357,0.6622450293791431,0.925762697161918,0.5034439542677273,0.8183948239837752,0.8718189661055502,0.92174837191328,0.868789246591617,0.8741686132714646,0.8757883167650443,0.7840799838645646,0.7990240902744004,0.820276492295744,0.8752957869435687,0.5517240428061995,0.527955066305961
p_0,0.9776168845256562,0.812709409399367,0.6702714813990812,0.9245335558784502,0.46370683253201667,0.8419160891249784,0.8711545728002379,0.928597945224231,0.8621067019670223,0.8702356953734902,0.8723780619853978,0.8888888868139849,0.7369191351318714,0.9452909254107928,0.7958957286042746,0.8485885347915924,0.8693693628425724,0.8910579335736168,0.3304347538752388,0.6388261826981708,0.8089492804896449,0.654767409921842,0.9190020395672361,0.3658536559120972,0.8203767935726122,0.8693983785182862,0.9278906440131109,0.7930940717875284,0.8578666417643476,0.8915968497293809,0.7916222925171972,0.8096202511148854,0.8490706256574675,0.8799649842652753,0.3050846940534417,0.5734724275008273
p_0,0.9796246088130561,0.836478407024125,0.7024615840925915,0.8573928253609594,0.37340876416677843,0.852420059111508,0.8640933092539136,0.9247076439168687,0.8114474139542487,0.8735123880643088,0.8792477006213985,0.8500792366083066,0.8251341663123118,0.9406413461780466,0.8493150676907746,0.8652582139313187,0.7890961224816062,0.8884536275698232,0.5853658251041061,0.5810616888015661,0.8238695577701626,0.6849797208928821,0.888328457132892,0.33590732942263846,0.8485826224447428,0.8704459378266074,0.9205402555571887,0.8481608203077836,0.8797638901066573,0.8737694139711892,0.8730937766230554,0.88040377248101,0.845278721016617,0.8774322960105996,0.4295301725147535,0.6161524472951341
p_0,0.9763086975361257,0.769058064350256,0.6391054974092772,0.822354814742588,0.3072776197499294,0.8138725394551382,0.8660235282101969,0.8937305948615226,0.709282841228818,0.8570425988791898,0.8686916984723949,0.787504817633996,0.7552947161130524,0.917912577462093,0.867026821280422,0.8275241717393206,0.7502420099213842,0.8830879061991433,0.2647058628892748,0.2949876733977499,0.7621788026190438,0.6242382902003214,0.8570959329808264,0.3703703598185083,0.8310304749383295,0.8814983084474743,0.8948510098784959,0.7067622787364004,0.8511595215381873,0.8949835890881773,0.8458619435798139,0.8754270077990731,0.6586564682760433,0.9007307465983916,0.5132742908606822,0.27222562761426844
p_0,0.9773042662681217,0.803382706350048,0.6598131976819533,0.9372238352264196,0.12070410628077027,0.820698118073119,0.8767597714450922,0.8736391614433222,0.8378619147454626,0.8131201305345469,0.840598151954826,0.8258276158278741,0.7578046305191223,0.9171085926026826,0.7678637534544023,0.734702892125684,0.8082595822521559,0.8390006083619737,0.27941174416090114,0.5145631048746709,0.7979581852212465,0.6478070081592011,0.9313796603562708,0.23940149426931426,0.8461200523798394,0.8919325542448272,0.8846689633516615,0.8783658303324313,0.879057211877637,0.8535604427405715,0.7654773908415322,0.7535131014935187,0.815925538697386,0.8468821407695265,0.6315788919667639,0.47893113916090735
p_0,0.9752473625934324,0.7853493015281084,0.6448999700655035,0.8351243147729013,0.18990590085623696,0.7967733864442305,0.8644443291224674,0.8867957434229922,0.7500284697072902,0.804284847534673,0.8187613824709441,0.7346774163924297,0.7942761553720942,0.9354593179149749,0.6913420706190307,0.8030235642440562,0.8403779172532178,0.8680703101525301,0.11650484305778222,0.46216530580811815,0.7850071563667423,0.6405998504230187,0.8344356495530545,0.2286245331912218,0.8308511684811615,0.8726730087019084,0.8782708998371254,0.8131154189289256,0.8478317653815101,0.876991148502232,0.7596344847441057,0.7973829466420304,0.7982786401383613,0.8694581271865167,0.0,0.4722631297385217
p_0,0.9799706547769151,0.8136750992479428,0.6828058432330911,0.8818773737273633,0.1269230763128698,0.8850308639129916,0.8945834652443313,0.8840155940034018,0.7414704811724226,0.8570589955554307,0.8651865395624021,0.8300326423720726,0.8361998344877154,0.9497752135084463,0.6242715462383484,0.6718749981253488,0.7546226848844444,0.8684183401664932,0.0987654199055037,0.3715942018214661,0.8140467557903215,0.6819071495993435,0.8602628425096329,0.19999999875000002,0.8793851889516109,0.8943003406962904,0.8847647815002375,0.7598189317269213,0.87360621475174,0.9013692251070569,0.7262189505738557,0.7343412511137338,0.811037787576258,0.8515904887074254,0.0,0.4347436748718521
p_0,0.9796941723164904,0.8417794679510934,0.6953937161869592,0.931028624621798,0.6493399313146042,0.8830935920481623,0.8718916045986634,0.9227272721104764,0.8627807336585996,0.8876303479974557,0.8968903412523449,0.8761002011372147,0.7740504552978916,0.9457960844300562,0.800405495831938,0.8811021237463248,0.8328358146803297,0.8791736717761547,0.34188031265980234,0.5988791008851917,0.8323060046581331,0.6822119486228697,0.9382508355573707,0.6851530867408834,0.8861335286551234,0.876049221662995,0.9225366653428791,0.8709717238289028,0.8835927070843995,0.8619909477884871,0.8364457204633227,0.8631292493520292,0.8152350014972852,0.8857459096227452,0.38961033901164427,0.5808541956381319
p_0,0.9739794017124462,0.778338515711761,0.63574945907203,0.846709515473119,0.31362006887437216,0.7972825016711258,0.8375214744753283,0.872644132192644,0.7000714107354542,0.8427307534380492,0.8776255687725444,0.8560436009745315,0.7398655515586361,0.9245170756962204,0.7023115949048002,0.7962446059471083,0.7900231972736473,0.8406844098472582,0.37209299441139576,0.41308089145369287,0.7879585886432078,0.6390843759973027,0.8053633829217863,0.3534218554298074,0.8345036248117532,0.8755777059186375,0.9016026604768052,0.6303630355606282,0.8010174128996169,0.8207523953264018,0.7598477633112771,0.8199270939977471,0.7377300556922541,0.834345185666045,0.2631578601108079,0.5083014016072708
p_0,0.9772025161209696,0.787087958994457,0.6805661438373967,0.8876451653898395,0.21656050265730886,0.7927018150075269,0.8790910358052091,0.9189526179330353,0.8549028022179113,0.8675213669234069,0.9061280676930731,0.7825704190907992,0.6897938645304327,0.9355172835913138,0.8407977599363211,0.8760184961990344,0.8405453417869274,0.8930377276419315,0.05633802023408165,0.4690990285249514,0.7916152943370207,0.6855357178913448,0.8709386900790173,0.5121951141433672,0.804054053800185,0.8832754276167154,0.9322211847105569,0.8729456375126995,0.8828349619876115,0.9084065221871856,0.8713700026722156,0.8629352118489749,0.8005598264481468,0.8892276413727361,0.0,0.5957677667077169
p_0,0.9775399726052778,0.7990376748842629,0.6687249794229281,0.913489506628485,0.05537244525133524,0.8572566802962562,0.871535004307941,0.8840855101638447,0.772953264192117,0.8764671355072865,0.8981220636194318,0.81495326964324,0.755415790512174,0.9314644791943573,0.7152443214769061,0.7355543968361415,0.7669172891143002,0.8644433033715307,0.0,0.4199893662413892,0.8023185880917829,0.6598968645523675,0.866802051095475,0.30591153242698826,0.8659690454082433,0.8786412919191265,0.8722141467585912,0.6854574535800583,0.8772555128259779,0.8859874075868794,0.6945233883596871,0.8188574063658677,0.6965662179637967,0.872019159770885,0.0,0.3161851992160958
p_0,0.9778627104434394,0.816915938018963,0.681725186411675,0.9320041249153193,0.385722507854217,0.8112297034145481,0.8460524503173351,0.9274096570296756,0.8703086821337901,0.8229773701483559,0.8054766189473608,0.8919731647190073,0.8041480065893284,0.9355838404472266,0.7890121491928028,0.8081896529951786,0.8378684759758023,0.8901299528620664,0.3913043052930103,0.5691847398310219,0.8231579805633742,0.6780838119612416,0.9361022362393628,0.6182237577154026,0.8541085661978904,0.8499144729132421,0.930184271392302,0.8725310298191786,0.8501199033486468,0.8157131536627652,0.7771701973374685,0.8665194040185565,0.8612754709975314,0.8896740359132961,0.37037033607682074,0.5134516298985357
p_0,0.972292122279406,0.7936454351603952,0.6242774372669071,0.9141977152051166,0.22792937347413583,0.826420630656729,0.8407757740155989,0.9112823956798498,0.8496114086614763,0.837401474168954,0.852879279026441,0.9081643476927865,0.675247009002539,0.9262869599585061,0.5934262942296551,0.7773605129362646,0.664244936874702,0.857322437947991,0.03680981369264947,0.42134471628314896,0.8125038703348626,0.6409998267832735,0.9276980602470464,0.5648839751370541,0.822825534564874,0.8407928826412431,0.9200978822640186,0.844932431718807,0.8170573355996328,0.8519195596857047,0.5149336278439034,0.7699662520529632,0.7048748306661737,0.8890121052684483,0.17543858110187885,0.452147950817469
